,hotel_id,lat_lng,address
0,1614401,"(34.04703903198242, -118.26425170898438)","865 S Figueroa St, Los Angeles, CA 90015, USA"
1,75636,"(33.94720458984375, -118.34798431396484)","525 E 99th St, Inglewood, CA 90301, USA"
2,147290,"(33.9587020874023, -118.418930053711)","8639 Lincoln Blvd, Los Angeles, CA 90045, USA"
3,523468,"(33.77234649658203, -118.26199340820312)","239 N Avalon Blvd, Wilmington, CA 90744, USA"
4,272130,"(34.10660171508789, -118.33799743652344)","2005 N Highland Ave, Los Angeles, CA 90068, USA"
5,686905,"(33.894134521484375, -118.36699676513672)","2410 Marine Ave, Redondo Beach, CA 90278, USA"
6,410464,"(33.94511413574219, -118.34871673583984)","4200 W Century Blvd, Inglewood, CA 90304, USA"
7,446753,"(33.85493087768555, -117.90497589111328)","1514 Raymond Ave, Fullerton, CA 92831, USA"
8,568862,"(33.841651916503906, -118.30961608886719)","Western Ave & 208th St, Torrance, CA 90501, USA"
9,83601,"(33.92775, -118.396767)","1804 E Sycamore Ave, El Segundo, CA 90245, USA"
10,167499,"(33.897335052490234, -118.35233306884766)","14808 Hawthorne Blvd, Lawndale, CA 90260, USA"
11,360413,"(33.92618179321289, -118.37837219238281)","11834 Aviation Blvd, Inglewood, CA 90304, USA"
12,212279,"(33.94540023803711, -118.36035919189453)","4736 W Century Blvd, Inglewood, CA 90304, USA"
13,553491,"(34.1005826953901, -118.332372307777)","1624 Schrader Blvd, Los Angeles, CA 90028, USA"
14,46466,"(33.752891540527344, -118.19031524658203)","1101-1157 Queens Hwy, Long Beach, CA 90802, USA"
15,6950749,"(33.8035697937, -118.0080871582)","7161 Katella Ave, Stanton, CA 90680, USA"
16,64583,"(33.84104919433594, -118.26026916503906)","20770 S Avalon Blvd, Carson, CA 90746, USA"
17,184496,"(33.9456901550293, -118.3489761352539)","4217 W Century Blvd, Inglewood, CA 90304, USA"
18,169557,"(34.051273345947266, -118.2650375366211)","1123 7th St, Los Angeles, CA 90017, USA"
19,735242,"(34.0963306, -118.0728998)","5318 CA-19, San Gabriel, CA 91776, USA"
20,2455552,"(33.84012985229492, -117.99874114990234)","7675 Crescent Ave, Buena Park, CA 90620, USA"
21,2390,"(33.945735931396484, -118.38725280761719)","5937 Century Blvd, Los Angeles, CA 90045, USA"
22,350787,"(33.933284759521484, -118.34487915039062)","11163 Prairie Ave, Inglewood, CA 90303, USA"
23,2466766,"(33.95035171508789, -118.16536712646484)","8821 Garfield Ave, South Gate, CA 90280, USA"
24,6947368,"(33.85834799999999, -118.01002399999999)","7032 Orangethorpe Ave, Buena Park, CA 90621, USA"
25,2186134,"(33.773380279541016, -117.95800018310547)","10022 Garden Grove Blvd, Garden Grove, CA 92844, USA"
26,206775,"(34.098506927490234, -118.30834197998047)","5435 Sunset Blvd, Los Angeles, CA 90027, USA"
27,2488,"(33.94572830200195, -118.3949966430664)","6225 W Century Blvd, Los Angeles, CA 90045, USA"
28,147300,"(34.04692840576172, -118.26074981689453)","821 Flower St, Los Angeles, CA 90017, USA"
29,46453,"(33.94483947753906, -118.3740234375)","5400 W Century Blvd, Los Angeles, CA 90045, USA"
30,4750630,"(33.874991, -118.220414)","123 E Artesia Blvd, Compton, CA 90220, USA"
31,2456883,"(33.808002, -118.028292)","10620 Valley View St, Cypress, CA 90630, USA"
32,6405058,"(34.1028566, -118.3343691)","1746 N Cherokee Ave, Hollywood, CA 90028, USA"
33,6950744,"(33.9872016907, -118.4731826782)","23 Windward Ave, Venice, CA 90291, USA"
34,93746,"(34.10163116455078, -118.30774688720703)","5420 Hollywood Blvd, Los Angeles, CA 90027, USA"
35,1459573,"(34.07888984996393, -118.30331934839091)","442n N Kingsley Dr, Los Angeles, CA 90004, USA"
36,6947432,"(34.3025519, -118.47769260000001)","12835 Encinitas Ave, Sylmar, CA 91342, USA"
37,2458651,"(33.805381, -117.909934)","Clementine Hotel & Suites Anaheim, Anaheim, CA 92802, USA"
38,7788,"(33.94612503051758, -118.3887710571289)","5985 W Century Blvd, Los Angeles, CA 90045, USA"
39,2452040,"(34.157470703125, -118.4072494506836)","12600 Riverside Dr, North Hollywood, CA 91607, USA"
40,44144,"(34.049903869628906, -118.25402069091797)","500 S Grand Ave, Los Angeles, CA 90014, USA"
41,376953,"(34.10150909423828, -118.34569549560547)","7110 Hollywood Blvd, Los Angeles, CA 90046, USA"
42,365899,"(33.945127, -118.350468)","4300 W Century Blvd, Inglewood, CA 90304, USA"
43,10914070,"(33.8174209594727, -117.92431640625)","1211 Southwest Pl, Anaheim, CA 92802, USA"
44,1102810,"(34.101619720458984, -118.31433868408203)","5734 Hollywood Blvd, Los Angeles, CA 90028, USA"
45,2459602,"(33.923538, -118.395961)","Mariposa / Pacific Coast Highway, El Segundo, CA 90245, USA"
46,43984,"(34.092864990234375, -118.29156494140625)","1160 N Vermont Ave, Los Angeles, CA 90029, USA"
47,108625,"(33.89531326293945, -118.35175323486328)","15000 Hawthorne Blvd, Lawndale, CA 90260, USA"
48,566946,"(34.0533332824707, -118.31241607666016)","979 Gramercy Dr, Los Angeles, CA 90019, USA"
49,6104521,"(34.04777145385742, -118.24703216552734)","104 E 4th St, Los Angeles, CA 90013, USA"
50,176126,"(34.1002578735352, -118.309501647949)","1615 N Western Ave, Los Angeles, CA 90027, USA"
51,93796,"(34.06136703491211, -118.31141662597656)","3900 Wilshire Blvd, Los Angeles, CA 90010, USA"
52,2277499,"(33.8035494030508, -117.912691757083)","421 W Katella Ave, Anaheim, CA 92802, USA"
53,5056604,"(34.04000381963111, -118.30034673213959)","Washington / Normandie, Los Angeles, CA, USA"
54,2459570,"(33.94562, -118.37272)","5301 W Century Blvd, Los Angeles, CA 90045, USA"
55,7481481,"(34.062381744384766, -118.24530792236328)","841 W Cesar Estrada Chavez Ave, Los Angeles, CA 90012, USA"
56,101108,"(33.951992, -118.38533)","9250 Airport Blvd, Los Angeles, CA 90045, USA"
57,81274,"(34.0805778503418, -118.10215759277344)","225 Valley Blvd, San Gabriel, CA 91776, USA"
58,46433,"(33.94779586791992, -118.38575744628906)","9750 Airport Blvd, Los Angeles, CA 90045, USA"
59,485352,"(34.06065368652344, -118.2729263305664)","401 S Westlake Ave, Los Angeles, CA 90057, USA"
60,75667,"(34.0671119689941, -118.270095825195)","106 N Alvarado St, Los Angeles, CA 90026, USA"
61,484792,"(34.0944595336914, -118.15975189209)","5533 Huntington Dr N, Los Angeles, CA 90032, USA"
62,64776,"(33.8046760559082, -117.9071273803711)","1745 S Anaheim Way, Anaheim, CA 92805, USA"
63,166633,"(33.832280137066505, -117.94543147087097)","1780 W Lincoln Ave, Anaheim, CA 92801, USA"
64,872224,"(33.966483, -118.164802)","7300 Eastern Ave, Bell Gardens, CA 90201, USA"
65,44148,"(33.95906448364258, -118.38526153564453)","8620 Airport Blvd, Los Angeles, CA 90045, USA"
66,248781,"(33.92313766479492, -118.35294342041016)","12029 Hawthorne Blvd, Hawthorne, CA 90250, USA"
67,147805,"(33.79462432861328, -118.33760833740234)","2888 Pacific Coast Hwy, Torrance, CA 90505, USA"
68,568868,"(34.1002, -118.325)","1610 Argyle Ave, Los Angeles, CA 90028, USA"
69,2453468,"(33.80317306518555, -117.92618560791016)","1140 W Katella Ave, Anaheim, CA 92802, USA"
70,6947374,"(34.143533075115705, -118.70268054418028)","26557 Agoura Rd, Calabasas, CA 91302, USA"
71,209930,"(34.1397705078125, -118.19917297363281)","1529 Colorado Blvd, Los Angeles, CA 90041, USA"
72,2462890,"(33.863294, -118.290664)","18405 Vermont Ave, Gardena, CA 90248, USA"
73,2462441,"(33.803537, -118.144213)","414 E Willow St, Long Beach, CA 90815, USA"
74,7485025,"(33.7598132, -118.1468427)","3946 E Ocean Blvd, Long Beach, CA 90803, USA"
75,6950042,"(33.7733306885, -117.9912185669)","8062 Garden Grove Blvd, Garden Grove, CA 92844, USA"
76,2463748,"(33.79034, -118.143707)","4201 E Pacific Coast Hwy, Long Beach, CA 90804, USA"
77,6484617,"(34.1026911, -118.33600000000001)","1738 N Las Palmas Ave, Los Angeles, CA 90028, USA"
78,1809196,"(33.82082748413086, -117.99263763427734)","800 S Beach Blvd, Anaheim, CA 92804, USA"
79,147287,"(34.07658386230469, -118.35747528076172)","315 N Spaulding Ave, Los Angeles, CA 90036, USA"
80,5912084,"(34.04536056518555, -118.32768249511719)","1512 Crenshaw Blvd, Los Angeles, CA 90019, USA"
81,285445,"(34.09815979003906, -118.32080078125)","6055 Sunset Blvd, Los Angeles, CA 90028, USA"
82,6727404,"(34.0531592, -118.2714828)","718 S Union Ave, Los Angeles, CA 90017, USA"
83,341467,"(34.06455612182617, -118.36537170410156)","6301 Orange St, Los Angeles, CA 90048, USA"
84,101441,"(34.17118453979492, -118.46642303466797)","5525 N Sepulveda Blvd, Sherman Oaks, CA 91411, USA"
85,208390,"(33.834712982177734, -118.30915832519531)","21320 CA-213, Torrance, CA 90501, USA"
86,2465132,"(33.78929138183594, -117.91519927978516)","100 Plaza Alicante, Garden Grove, CA 92840, USA"
87,2449766,"(33.877967, -118.016709)","1950 Firestone Blvd, La Mirada, CA 90638, USA"
88,2462637,"(34.07291, -118.250755)","1341 Sunset Blvd, Los Angeles, CA 90026, USA"
89,2453643,"(33.804336, -117.909934)","1775 S Clementine St, Anaheim, CA 92802, USA"
90,2463341,"(34.167099, -118.284096)","1377 W Glenoaks Blvd, Glendale, CA 91201, USA"
91,6281177,"(33.916045404620384, -118.29297866190183)","1030 W El Segundo Blvd, Gardena, CA 90247, USA"
92,433849,"(33.945313, -118.349955)","4252A W Century Blvd, Inglewood, CA 90304, USA"
93,1657,"(34.004066467285156, -118.1510009765625)","5757 Telegraph Rd, Commerce, CA 90040, USA"
94,501866,"(34.1462287902832, -118.1058578491211)","2155 E Colorado Blvd, Pasadena, CA 91107, USA"
95,4983734,"(33.92796775079986, -118.30973446369171)","1617 S Western Ave, Los Angeles, CA 90047, USA"
96,2457111,"(34.142537, -118.021959)","405 E Santa Clara St, Arcadia, CA 91006, USA"
97,75605,"(33.977413177490234, -118.36937713623047)","1730 Centinela Ave, Inglewood, CA 90302, USA"
98,4121662,"(33.8539002, -118.18474900000001)","5374 Atlantic Ave, Long Beach, CA 90805, USA"
99,6950626,"(34.0517082214, -118.28150177)","1031 S Lake St, Los Angeles, CA 90006, USA"
100,2454942,"(33.998253, -118.075462)","9515 Whittier Blvd, Pico Rivera, CA 90660, USA"
101,2186102,"(33.82080841064453, -117.91606140136719)","921 S Harbor Blvd, Anaheim, CA 92805, USA"
102,2460885,"(34.05482864379883, -118.25532531738281)","350 S Figueroa St, Los Angeles, CA 90071, USA"
103,782896,"(34.05513000488281, -118.30921173095703)","921 S Western Ave, Los Angeles, CA 90006, USA"
104,148069,"(34.2000732421875, -118.58850860595703)","7127 De Soto Ave, Canoga Park, CA 91303, USA"
105,147288,"(34.076568603515625, -118.35513305664062)","314 N Curson Ave, Los Angeles, CA 90036, USA"
106,2463818,"(33.980422, -118.394886)","6521 S Sepulveda Blvd, Los Angeles, CA 90045, USA"
107,46089,"(33.930572509765625, -118.40074157714844)","1440e E Imperial Ave, El Segundo, CA 90245, USA"
108,2108725,"(34.05204391479492, -118.29756164550781)","1020 Fedora St, Los Angeles, CA 90006, USA"
109,10191486,"(34.054154135598324, -118.26191957313995)","6th / Bixel, Los Angeles, CA 90017, USA"
110,253041,"(34.09914, -118.30896)","1536 N Western Ave, Los Angeles, CA 90027, USA"
111,93799,"(34.01922, -118.281249)","3540 S Figueroa St, Los Angeles, CA 90007, USA"
112,170120,"(34.13741683959961, -118.35848236083984)","100 Universal City Plaza, Universal City, CA 91608, USA"
113,94575,"(34.17942428588867, -118.30821228027344)","172198 E Angeleno Ave, Burbank, CA 91502, USA"
114,46439,"(34.07387161254883, -118.46826171875)","170 N Church Ln, Los Angeles, CA 90049, USA"
115,43945,"(33.799641, -117.91663360595703)","Clarion Hotel, Anaheim, CA 92802, USA"
116,2464283,"(33.853586, -117.838956)","1065 PacifiCenter Dr, Anaheim, CA 92806, USA"
117,106370,"(33.9620246887207, -118.360595703125)","321 W Manchester Blvd, Inglewood, CA 90301, USA"
118,1623639,"(34.10370297732405, -118.34146499633789)","1782 N Orange Dr, Los Angeles, CA 90028, USA"
119,9040525,"(34.09498977661133, -118.32402801513672)","6148 Afton Pl, Los Angeles, CA 90028, USA"
120,100331,"(33.87148666381836, -118.08165740966797)","17532 Pioneer Blvd, Artesia, CA 90701, USA"
121,1530035,"(33.796886, -117.914497)","2060 S Harbor Blvd, Anaheim, CA 92802, USA"
122,169838,"(34.13884735107422, -118.01834869384766)","898 Alta St, Monrovia, CA 91016, USA"
123,2456567,"(33.856965, -118.303334)","19100 Harborgate Way, Torrance, CA 90501, USA"
124,208718,"(34.05815505981445, -118.30824279785156)","745 S Oxford Ave, Los Angeles, CA 90005, USA"
125,45708,"(33.81910705566406, -117.92098999023438)","900 South Disneyland Dr, Anaheim, CA 92802, USA"
126,83809,"(33.835316, -118.385574)","435 CA-1, Redondo Beach, CA 90277, USA"
127,94412,"(34.05050277709961, -118.27816009521484)","1904w Olympic Blvd, Los Angeles, CA 90006, USA"
128,214830,"(33.91948318481445, -118.20919799804688)","11920 Long Beach Blvd, Lynwood, CA 90262, USA"
129,1565162,"(34.14556884765625, -118.41586303710938)","12963 Ventura Blvd, Studio City, CA 91604, USA"
130,80373,"(34.186134338378906, -118.59734344482422)","6360 Canoga Ave, Woodland Hills, CA 91367, USA"
131,7128627,"(33.903694, -118.06541400000003)","12500 Firestone Blvd, Norwalk, CA 90650, USA"
132,108432,"(33.99401092529297, -118.4796371459961)","405 Ocean Front Walk, Venice, CA 90291, USA"
133,248813,"(34.10356521606445, -118.33971405029297)","1770 Orchid Ave, Hollywood, CA 90028, USA"
134,2458528,"(34.025852, -118.456726)","3110 Pico Blvd, Santa Monica, CA 90405, USA"
135,1061101,"(34.06054853570617, -118.26658228167952)","1631 W 3rd St, Los Angeles, CA 90017, USA"
136,2458250,"(34.16822, -118.6011)","21706 Ventura Blvd, Woodland Hills, CA 91364, USA"
137,2532267,"(33.97439956665039, -118.12606048583984)","7272 E Gage Ave, Commerce, CA 90040, USA"
138,1656309,"(34.048179626464844, -118.23368072509766)","900 E 1st St, Los Angeles, CA 90012, USA"
139,6874736,"(34.09638977050781, -118.33920288085938)","6811 De Longpre Ave, Los Angeles, CA 90028, USA"
140,2459341,"(33.973465, -118.122757)","7810 Telegraph Rd, Commerce, CA 90040, USA"
141,169625,"(33.929799, -118.35107421875)","11500 Acacia Ave, Hawthorne, CA 90250, USA"
142,538406,"(34.104281, -118.34317)","7047 Franklin Ave, Los Angeles, CA 90028, USA"
143,2060021,"(34.08879852294922, -118.37877655029297)","8585 CA-2, West Hollywood, CA 90069, USA"
144,2448908,"(33.99359130859375, -118.47879028320312)","9 Paloma Ave, Venice, CA 90291, USA"
145,93823,"(34.05289840698242, -118.25650024414062)","404 S Figueroa St, Los Angeles, CA 90071, USA"
146,2178267,"(33.917002, -118.39105224609375)","101 Continental Blvd, El Segundo, CA 90245, USA"
147,203515,"(34.035085, -118.472209)","2815 W Historic Rte 66, Santa Monica, CA 90404, USA"
148,175101,"(34.1024780273438, -118.301750183105)","1722 Winona Blvd, Los Angeles, CA 90027, USA"
149,2452630,"(33.802921, -117.916207)","1803 S Harbor Blvd, Anaheim, CA 92802, USA"
150,209580,"(33.840084075927734, -118.38558197021484)","201 CA-1, Redondo Beach, CA 90277, USA"
151,929069,"(33.83121871948242, -118.38526153564453)","625 S Pacific Coast Hwy, Redondo Beach, CA 90277, USA"
152,148251,"(33.982358, -118.230179)","6340 S Santa Fe Ave, Huntington Park, CA 90255, USA"
153,79531,"(33.92340087890625, -118.38770294189453)","Mariposa, El Segundo, CA 90245, USA"
154,2532277,"(33.916080474853516, -118.37214660644531)","5250 W El Segundo Blvd, Hawthorne, CA 90250, USA"
155,184142,"(34.0626907348633, -118.304168701172)","635 S Harvard Blvd, Los Angeles, CA 90005, USA"
156,94939,"(33.96141815185547, -118.36770629882812)","640 W Manchester Blvd, Inglewood, CA 90301, USA"
157,97852,"(34.06745910644531, -118.4258804321289)","10300 Wilshire Blvd, Los Angeles, CA 90024, USA"
158,772422,"(34.074818, -118.07397)","3633 Rosemead Blvd, Rosemead, CA 91770, USA"
159,10913846,"(34.0243911743164, -118.309150695801)","3501 S Western Ave, Los Angeles, CA 90018, USA"
160,850319,"(34.04548263549805, -118.26392364501953)","939 S Figueroa St, Los Angeles, CA 90015, USA"
161,7419,"(33.79873275756836, -117.92050170898438)","700 W Convention Way, Anaheim, CA 92802, USA"
162,6950362,"(33.8055496216, -117.9081268311)","1730 S Zeyn St, Anaheim, CA 92802, USA"
163,207698,"(34.06552, -118.253)","1217 W Temple St, Los Angeles, CA 90026, USA"
164,101488,"(33.79352951049805, -117.99266052246094)","11622 Beach Blvd, Stanton, CA 90680, USA"
165,2118068,"(34.14512634277344, -118.3697280883789)","4222 Vineland Ave, Studio City, CA 91602, USA"
166,1195536,"(33.805301666259766, -117.90742492675781)","1733 S Anaheim Blvd, Anaheim, CA 92805, USA"
167,62976,"(33.76762008666992, -117.91876983642578)","12091 Trask Ave, Garden Grove, CA 92843, USA"
168,1145058,"(34.062461853027344, -118.1086196899414)","1024 E Garvey Ave, Monterey Park, CA 91755, USA"
169,1591357,"(34.1336784362793, -118.38995361328125)","11763 Canton Pl, Studio City, CA 91604, USA"
170,407082,"(34.158695220947266, -118.25629425048828)","100 W Glenoaks Blvd, Glendale, CA 91202, USA"
171,95640,"(33.80588150024414, -117.87833404541016)","2570 E Katella Ave, Anaheim, CA 92806, USA"
172,214610,"(34.205291748046875, -118.53604125976562)","7415 Reseda Blvd, Reseda, CA 91335, USA"
173,4145814,"(34.07925796508789, -118.05504608154297)","9920 Valley Blvd, El Monte, CA 91731, USA"
174,9827556,"(34.15522, -118.263716)","450 Pioneer Dr, Glendale, CA 91203, USA"
175,4454085,"(34.148274, -118.25744)","225W W Wilson Ave, Glendale, CA 91203, USA"
176,245971,"(34.05139923095703, -118.26499938964844)","1135 W 7th St, Los Angeles, CA 90017, USA"
177,45695,"(33.803038, -117.90467071533203)","300 E Katella Ave, Anaheim, CA 92802, USA"
178,80289,"(34.02687454223633, -118.13477325439453)","801 Via San Clemente, Montebello, CA 90640, USA"
179,2461641,"(33.8175048828125, -117.92253875732422)","1030 W Ball Rd, Anaheim, CA 92802, USA"
180,94934,"(33.923133850097656, -118.10169219970703)","10902 Firestone Blvd, Norwalk, CA 90650, USA"
181,732916,"(33.89586331065888, -118.20384385584475)","Compton / Bradfield, Compton, CA 90221, USA"
182,147862,"(34.0843505859375, -118.3777847290039)","733 N W Knoll Dr, West Hollywood, CA 90069, USA"
183,2456210,"(34.1418, -118.0205)","488 E Santa Clara St, Arcadia, CA 91006, USA"
184,75737,"(33.819458, -117.923203)","915 Disneyland Dr, Anaheim, CA 92802, USA"
185,62988,"(33.863303, -118.391072)","916 Aviation Blvd, Hermosa Beach, CA 90254, USA"
186,93518,"(33.850887298583984, -118.28945922851562)","19800 S Vermont Ave, Torrance, CA 90502, USA"
187,147302,"(34.051273345947266, -118.4329605102539)","Santa Monica / Overland, Los Angeles, CA 90024, USA"
188,146669,"(33.83292007446289, -117.96707153320312)","2375 W Lincoln Ave, Anaheim, CA 92801, USA"
189,348084,"(34.0611915588379, -118.361808776855)","6060 Wilshire Blvd, Los Angeles, CA 90036, USA"
190,2458599,"(34.096935, -118.292442)","1401 N Vermont Ave, Los Angeles, CA 90027, USA"
191,4917002,"(33.8874427, -118.12452510000003)","16206 Bellflower Blvd, Bellflower, CA 90706, USA"
192,6950360,"(33.8024291992, -118.0029373169)","102 Katella Ave, Stanton, CA 90680, USA"
193,95664,"(33.80118179321289, -117.90216064453125)","1855 S Manchester Ave, Anaheim, CA 92802, USA"
194,45686,"(33.802345275878906, -117.91537475585938)","CVS Pharmacy at Springhill Suites, Anaheim, CA 92802, USA"
195,3575,"(34.060340881347656, -118.24825286865234)","425 N Figueroa St, Los Angeles, CA 90012, USA"
196,2279921,"(33.802188873291016, -117.91600036621094)","1831 S Harbor Blvd, Anaheim, CA 92802, USA"
197,1637951,"(33.80345916748047, -117.91558837890625)","612 W Katella Ave, Anaheim, CA 92802, USA"
198,83853,"(33.877559661865234, -118.08285522460938)","16809 Pioneer Blvd, Artesia, CA 90701, USA"
199,2462063,"(34.0457, -118.2658)","903 W Olympic Blvd, Los Angeles, CA 90015, USA"
200,94946,"(33.79777526855469, -117.91490173339844)","2040 S Harbor Blvd, Anaheim, CA 92802, USA"
201,2451163,"(33.8453254699707, -118.397514343262)","260 Portofino Way, Redondo Beach, CA 90277, USA"
202,92592,"(33.820679, -118.324661)","2360 Sepulveda Blvd, Torrance, CA 90501, USA"
203,564805,"(33.88151550292969, -118.3961410522461)","301 N Sepulveda Blvd, Manhattan Beach, CA 90266, USA"
204,8608075,"(33.931270599365234, -118.35089874267578)","4307 W Imperial Hwy, Inglewood, CA 90304, USA"
205,2465815,"(33.818931579589844, -117.91574096679688)","1111 S Harbor Blvd, Anaheim, CA 92805, USA"
206,246175,"(33.996726, -118.433913)","12664 W Washington Blvd, Los Angeles, CA 90066, USA"
207,994021,"(34.101295471191406, -118.33928680419922)","6816 Hollywood Blvd, Los Angeles, CA 90028, USA"
208,446487,"(34.129025, -118.348515)","3241 Cahuenga Blvd W, Los Angeles, CA 90068, USA"
209,4643403,"(34.065338134765625, -118.02214813232422)","11805 Valley Blvd, El Monte, CA 91732, USA"
210,365951,"(33.78964, -118.30591)","1645 Pacific Coast Hwy, Harbor City, CA 90710, USA"
211,246101,"(34.040130615234375, -118.0824203491211)","1001 San Gabriel Blvd, Rosemead, CA 91770, USA"
212,2453575,"(33.79023742675781, -118.19696044921875)","421 W Pacific Coast Hwy, Long Beach, CA 90806, USA"
213,346288,"(33.93127216242339, -118.33654314279556)","3649 Imperial Hwy, Inglewood, CA 90303, USA"
214,148570,"(34.137367248535156, -118.36390686035156)","10612 Ventura Blvd, Studio City, CA 91604, USA"
215,2314828,"(33.891544342041016, -118.39635467529297)","Sepulveda / 18th, Manhattan Beach, CA 90266, USA"
216,147292,"(34.041404724121094, -118.42918395996094)","2352 Westwood Blvd, Los Angeles, CA 90064, USA"
217,97981,"(33.803443908691406, -117.9122085571289)","144, 321 W Katella Ave, Anaheim, CA 92802, USA"
218,79260,"(33.942589, -118.369591)","10300 S La Cienega Blvd, Lennox, CA 90304, USA"
219,6950116,"(34.0271186829, -118.4752502441)","2113 Colorado Ave, Santa Monica, CA 90404, USA"
220,372401,"(34.062835693359375, -118.0182876586914)","12034 Garvey Ave, El Monte, CA 91732, USA"
221,2551565,"(33.77922821044922, -117.91556549072266)","12681 Harbor Blvd, Garden Grove, CA 92840, USA"
222,1187852,"(33.90024185180664, -118.30883026123047)","14420 S Western Ave, Gardena, CA 90249, USA"
223,10914098,"(33.9744186401367, -118.329078674316)","3218 W Florence Ave, Los Angeles, CA 90043, USA"
224,2456251,"(33.860411, -118.031399)","3 Centerpointe Dr, La Palma, CA 90623, USA"
225,360943,"(34.173244, -118.16008)","1559 Lincoln Ave, Pasadena, CA 91103, USA"
226,499057,"(33.81976840000001, -117.9938047)","831 S Beach Blvd, Anaheim, CA 92804, USA"
227,501749,"(34.022267, -118.252756)","2133 S Central Ave, Los Angeles, CA 90011, USA"
228,3363256,"(34.010704040527344, -118.48129272460938)","2102 Pacific Coast Hwy, Santa Monica, CA 90405, USA"
229,360015,"(33.94758987426758, -118.21634674072266)","9706 Long Beach Blvd, South Gate, CA 90280, USA"
230,204602,"(33.9361686706543, -118.12322998046875)","11102 Lakewood Blvd, Downey, CA 90241, USA"
231,4278,"(33.9979133605957, -118.14557647705078)","6131 Telegraph Rd, Commerce, CA 90040, USA"
232,2463637,"(33.80617141723633, -117.91475677490234)","1700 Harbor Blvd, Anaheim, CA 92802, USA"
233,1102615,"(34.16843032836914, -118.29031372070312)","1012 Winchester Ave, Glendale, CA 91201, USA"
234,367854,"(34.0717697143555, -118.400283813477)","206 S Santa Monica Blvd, Beverly Hills, CA 90210, USA"
235,920848,"(34.1459846496582, -118.07632446289062)","3600 E Colorado Blvd, Pasadena, CA 91107, USA"
236,2091568,"(33.78937911987305, -118.16789245605469)","1777 Cherry Ave, Long Beach, CA 90813, USA"
237,164983,"(34.015445709228516, -118.49910736083984)","130 Arizona Ave, Santa Monica, CA 90401, USA"
238,2453431,"(33.82143, -118.327024)","2446 Sepulveda Blvd, Torrance, CA 90501, USA"
239,1155280,"(33.9861429587004, -118.466691970825)","426 S Venice Blvd, Venice, CA 90291, USA"
240,7105484,"(33.86137, -118.082161)","18701 Pioneer Blvd, Artesia, CA 90701, USA"
241,203513,"(34.146097, -118.09980010986328)","2453 E Colorado Blvd, Pasadena, CA 91107, USA"
242,80187,"(34.040401458740234, -118.08180236816406)","939 San Gabriel Blvd, Rosemead, CA 91770, USA"
243,215075,"(33.789621, -118.30650329589844)","1665 Pacific Coast Hwy, Harbor City, CA 90710, USA"
244,545334,"(34.15987014770508, -118.37045288085938)","10995 Huston St, North Hollywood, CA 91601, USA"
245,272058,"(33.93030548095703, -118.3514633178711)","4047001012, Hawthorne, CA 90250, USA"
246,252514,"(0.0, 0.0)",
247,2402749,"(34.04436492919922, -118.26428985595703)","1020 S Figueroa St, Los Angeles, CA 90015, USA"
248,102902,"(33.86137390136719, -117.87177276611328)","118 E Orangethorpe Ave, Placentia, CA 92870, USA"
249,2448915,"(34.1677284240723, -118.593086242676)","21101 Ventura Blvd, Woodland Hills, CA 91364, USA"
250,5751177,"(34.172325, -118.373545)","11133 Burbank Blvd, North Hollywood, CA 91601, USA"
251,6950675,"(34.0637016296, -118.3082199097)","3907 W 6th St, Los Angeles, CA 90020, USA"
252,64646,"(34.10385513305664, -118.3402099609375)","1800 N Orchid Ave, Los Angeles, CA 90068, USA"
253,4332,"(34.07612228393555, -118.3773422241211)","Beverly / La Cienega, Los Angeles, CA 90048, USA"
254,2454904,"(33.818684, -117.923141)","1059 W Ball Rd, Anaheim, CA 92802, USA"
255,461411,"(33.950849, -118.18293762207031)","8913 Atlantic Ave, South Gate, CA 90280, USA"
256,6950474,"(34.1424598694, -118.2314529419)","1500 E Colorado St, Glendale, CA 91205, USA"
257,443072,"(34.062034606933594, -118.30101013183594)","3515 Wilshire Blvd, Los Angeles, CA 90010, USA"
258,2094003,"(34.142433166503906, -118.25130462646484)","326 E Colorado St, Glendale, CA 91205, USA"
259,2454797,"(33.80856704711914, -117.91388702392578)","1604 S Harbor Blvd, Anaheim, CA 92802, USA"
260,4389518,"(34.10398864746094, -118.32499694824219)","1800 Argyle Ave, Los Angeles, CA 90028, USA"
261,2453066,"(33.837836, -118.347714)","3525 Torrance Blvd, Torrance, CA 90503, USA"
262,47166,"(34.0124397277832, -118.48999786376953)","333 Olympic Dr, Santa Monica, CA 90401, USA"
263,6950739,"(34.0513000488, -118.3244781494)","1148 Crenshaw Blvd, Los Angeles, CA 90019, USA"
264,8608322,"(33.83182144165039, -118.08733367919922)","11535 E Carson St, Lakewood, CA 90715, USA"
265,483234,"(33.85581970214844, -117.88890075683594)","1440 N State College Blvd, Anaheim, CA 92806, USA"
266,872218,"(33.852447509765625, -117.92445373535156)","1231 N Harbor Blvd, Anaheim, CA 92801, USA"
267,76014,"(34.14485168457031, -118.41252136230469)","12824 Ventura Blvd, Studio City, CA 91604, USA"
268,6950537,"(33.8034210205, -117.9283218384)","Walnut-Katella, Anaheim, CA 92802, USA"
269,2454162,"(34.150267, -118.150847)","21 W Walnut St, Pasadena, CA 91103, USA"
270,851503,"(34.045886, -118.208542)","229 N Soto St, Los Angeles, CA 90033, USA"
271,173473,"(33.7855339050293, -117.91499328613281)","7252 Harbor Blvd, Garden Grove, CA 92840, USA"
272,93758,"(34.1029052734375, -118.3389892578125)","1755 N Highland Ave, Los Angeles, CA 90028, USA"
273,92837,"(34.170464, -118.57281494140625)","20157 Ventura Blvd, Woodland Hills, CA 91364, USA"
274,2264675,"(34.12030792236328, -118.13333892822266)","1401 S Oak Knoll Ave, Pasadena, CA 91106, USA"
275,398579,"(33.9064483642578, -118.300590515137)","13805 Normandie Ave, Gardena, CA 90249, USA"
276,2673907,"(34.170212, -118.347763)","1122 N Hollywood Way, Burbank, CA 91505, USA"
277,95044,"(33.985111236572266, -118.44103240966797)","13480 Maxella Ave, Marina Del Rey, CA 90292, USA"
278,10914204,"(33.8194618225098, -117.993942260742)","837 S Beach Blvd, Anaheim, CA 92804, USA"
279,7429282,"(33.98807144165039, -118.19644165039062)","3800 Slauson Ave, Maywood, CA 90270, USA"
280,207316,"(33.76892852783203, -118.18508911132812)","Atlantic at Broadway SW, Long Beach, CA 90802, USA"
281,177711,"(34.07631, -118.358153)","Beverly / Genesee, Los Angeles, CA 90036, USA"
282,80214,"(34.140187, -118.02663)","137 W Historic Rte 66, Arcadia, CA 91006, USA"
283,94942,"(33.78891372680664, -118.18966674804688)","1757 Long Beach Blvd, Long Beach, CA 90813, USA"
284,501864,"(34.263511657714844, -118.46763610839844)","10621 Sepulveda Blvd, Mission Hills, CA 91345, USA"
285,164495,"(34.10591125488281, -118.33760833740234)","1927 N Highland Ave, Los Angeles, CA 90068, USA"
286,479388,"(33.8890495300293, -118.139497)","9130 Alondra Blvd, Bellflower, CA 90706, USA"
287,45693,"(33.802703857421875, -117.92489624023438)","1110 W Katella Ave, Anaheim, CA 92802, USA"
288,4645540,"(34.050087, -118.26036)","900 Wilshire Blvd, Los Angeles, CA 90017, USA"
289,10914113,"(34.1462097167969, -118.107009887695)","2097 E Colorado Blvd, Pasadena, CA 91107, USA"
290,94741,"(34.200687408447266, -118.34034729003906)","2900 N San Fernando Blvd, Burbank, CA 91504, USA"
291,469593,"(34.066375732421875, -118.3976821899414)","120 S Reeves Dr, Beverly Hills, CA 90212, USA"
292,167013,"(34.09845733642578, -118.30487060546875)","5271 Sunset Blvd, Los Angeles, CA 90027, USA"
293,7011010,"(34.1462287903, -118.1257781982)","1203 E Colorado Blvd, Pasadena, CA 91106, USA"
294,171986,"(34.13776397705078, -118.35738372802734)","555 Universal Hollywood Dr, Universal City, CA 91608, USA"
295,101277,"(33.804235, -118.19091796875)","208 E Willow St, Long Beach, CA 90806, USA"
296,1578890,"(34.145872, -118.09227099999998)","2818 E Colorado Blvd, Pasadena, CA 91107, USA"
297,3503,"(34.05093002319336, -118.24279022216797)","110 S Los Angeles St, Los Angeles, CA 90012, USA"
298,2822706,"(34.080383416558014, -118.09688246123119)","303 E Valley Blvd, San Gabriel, CA 91776, USA"
299,568437,"(33.78932, -118.305617)","1634 Pacific Coast Hwy, Harbor City, CA 90710, USA"
300,295378,"(34.0587043762207, -118.27396392822266)","2000 W 6th St, Los Angeles, CA 90057, USA"
301,2504894,"(33.769439697265625, -118.18689727783203)","431 E Broadway, Long Beach, CA 90802, USA"
302,10913847,"(33.8848190307617, -118.39575958252)","900 N Sepulveda Blvd, Manhattan Beach, CA 90266, USA"
303,2728357,"(33.976059, -118.186638)","6600 Atlantic Ave, Bell, CA 90201, USA"
304,5727905,"(34.07387, -118.075445)","8832 Glendon Way, Rosemead, CA 91770, USA"
305,2461595,"(33.832306, -118.034126)","5651 Lincoln Ave, Cypress, CA 90630, USA"
306,212266,"(33.95718002319336, -118.0218734741211)","14125 Whittier Blvd, Whittier, CA 90605, USA"
307,5371790,"(34.0211419, -118.30230770000003)","1469 W 37th St, Los Angeles, CA 90018, USA"
308,45701,"(33.8167839050293, -117.9282455444336)","Holiday Inn Hotel & Suites, Anaheim, CA 92802, USA"
309,6950385,"(34.081199646, -118.414100647)","9641 Sunset Blvd, Beverly Hills, CA 90210, USA"
310,209151,"(33.790034, -118.1540756225586)","3201 CA-1, Long Beach, CA 90804, USA"
311,100918,"(33.90518569946289, -118.2917709350586)","13856 Emerald Ln, Gardena, CA 90247, USA"
312,46948,"(33.845054626464844, -118.39273071289062)","300 N Harbor Dr, Redondo Beach, CA 90277, USA"
313,851239,"(33.98270797729492, -118.33126068115234)","6303 Crenshaw Blvd, Los Angeles, CA 90043, USA"
314,101288,"(33.808956146240234, -118.0721664428711)","10601 Los Alamitos Blvd, Los Alamitos, CA 90720, USA"
315,785540,"(34.0531005859375, -118.26275634765625)","636 S Bixel St, Los Angeles, CA 90017, USA"
